Workbook

Sheet COVER PAGE
I1: Project N° | J1: Unit | K1: Document Code | L1: Serial N° | M1: Rev. | N1: Page
I2: 218857C | J2: 00 | K2: PS 1600 | L2: 0001 | M2: A | N2: 1
C4: SOCAR
C5: NEW REFINERY PROJECT
D20: PRICE SCHEDULE for ELECTRICAL WORKS Area Process North
B75: A | E75: 16.02.2026 | F75: FIRST ISSUED
B76: Rev | E76: Date DD/MM/YY | F76: STATUS | H76: WRITTEN BY (name & visa) | K76: CHECKED BY (name & visa) | M76: APPROVED BY (name & visa)
B77: DOCUMENT REVISIONS
B78: Sections changed are identified by a vertical line in the margin
B79: TEN-MBP-Onshore-PS1600-ENG-Rev0
E83: TABLE OF CONTENTS
E87: =E94 -> 1 INTRODUCTION
E89: 2 QUANTITIES AND PRICE SCHEDULES
E94: 1 INTRODUCTION
E97: The purpose of the present document is to set forth the unit price for each Price Item as defined into the Price
E98: Description (PD1600); thereby enabling the calculation of the total direct cost for the Electrical Works to be executed by
E99: SUBCONTRACTOR.

Sheet PS
E1: Project N° | F1: Unit | G1: Document Type - Work Code | H1: Serial N° | I1: Rev. | J1: Page
E2: =+'COVER PAGE'!I2 -> 218857C | F2: =+'COVER PAGE'!J2 -> 00 | G2: =+'COVER PAGE'!K2 -> PS 1600 | H2: =+'COVER PAGE'!L2 -> 0001 | I2: =+'COVER PAGE'!M2 -> A | J2: 2
J4: Bidder to consider Secondary Average Cable length: -secondary cable length for Electrical Tracing System (1650) = 50 lm -secondary cable length for Lighting System (1680) = 50 lm
B9: PRICE SCHEDULE FOR ELECTRICAL WORKS
F10: FCC | G10: ss FCC | H10: Overall QTY | J10: Bidder to Fill Yellow Cells
F11: U58 | G11: SS 00-BA-815 | J11: Productivity | K11: Total Manhours | L11: Direct Unit Price Labour | M11: Direct Unit Price Material | N11: Direct Total Price Material | O11: Direct Total Price Labour | P11: Direct Total Price Material + Labour | V11: 5 | X11: 1
B12: Pay Item | C12: Work description | E12: U.M. | J12: [MHs/u.m] | K12: MHs | L12: [USD/ u.m] | M12: [USD/ u.m] | N12: USD | O12: USD | P12: USD | R12: Unit Material | S12: Total Material | T12: Unit Mh | U12: Total Mh | V12: Unit Lab | W12: Total Lab | X12: Unit Eq | Y12: Total Eq | Z12: Unit Tool | AA12: Total Tool | AB12: Unit Subcon | AC12: Total Subcon | AD12: Total Unit | AE12: Grand Total
B13: SYSTEM 1610 - GROUNDING AND LIGHTNING SYSTEM
B14: 1610.01 | D14: INSTALLATION OF UNDERGROUND GROUNDING CONDUCTOR
B15: 1610.01.01 | D15: Section 25 - 50 mm² | E15: m | F15: 8319 | G15: 313 | H15: =IFERROR(SUM($F15:$G15),"") -> 8632 | J15: 0.2 | K15: =+$H15*J15 -> 1726.4 | L15: 1 | M15: 5 | N15: =+$H15*L15 -> 8632 | O15: =+$H15*M15 -> 43160 | P15: =+SUM(N15:O15) -> 51792 | S15: =+R15*$H15 -> 0 | T15: 0.82 | U15: =+T15*$H15 -> 7078.24 | V15: =+T15*$V$11 -> 4.1 | W15: =+V15*$H15 -> 35391.2 | X15: 0.15 | Y15: =+X15*$H15 -> 1294.8 | Z15: 0.41 | AA15: =+Z15*$H15 -> 3539.12 | AC15: =+AB15*$H15 -> 0 | AD15: =+R15+V15+X15+Z15+AB15 -> 4.66 | AE15: =+AD15*$H15 -> 40225.12 | AF15: GAS CHEMICAL COMPLEX_CCB - COST
B16: 1610.01.02 | D16: Section 70 - 150 mm² | E16: m | F16: 16923 | G16: 449 | H16: =IFERROR(SUM($F16:$G16),"") -> 17372 | J16: 0.28 | K16: =+$H16*J16 -> 4864.16 | L16: 1.4 | M16: 10.5 | N16: =+$H16*L16 -> 24320.8 | O16: =+$H16*M16 -> 182406 | P16: =+SUM(N16:O16) -> 206726.8 | S16: =+R16*$H16 -> 0 | T16: 0.92 | U16: =+T16*$H16 -> 15982.24 | V16: =+T16*$V$11 -> 4.6 | W16: =+V16*$H16 -> 79911.2 | X16: 0.19 | Y16: =+X16*$H16 -> 3300.68 | Z16: 0.53 | AA16: =+Z16*$H16 -> 9207.16 | AC16: =+AB16*$H16 -> 0 | AD16: =+R16+V16+X16+Z16+AB16 -> 5.32 | AE16: =+AD16*$H16 -> 92419.04
B17: 1610.01.03 | D17: Section 185 - 240 mm² (up to 500 mm2) | E17: m | F17: 0 | G17: 134 | H17: =IFERROR(SUM($F17:$G17),"") -> 134 | J17: 0.36 | K17: =+$H17*J17 -> 48.24 | L17: 1.8 | M17: 19 | N17: =+$H17*L17 -> 241.2 | O17: =+$H17*M17 -> 2546 | P17: =+SUM(N17:O17) -> 2787.2 | S17: =+R17*$H17 -> 0 | U17: =+T17*$H17 -> 0 | V17: =+T17*$V$11 -> 0 | W17: =+V17*$H17 -> 0 | Y17: =+X17*$H17 -> 0 | AA17: =+Z17*$H17 -> 0 | AC17: =+AB17*$H17 -> 0 | AD17: =+R17+V17+X17+Z17+AB17 -> 0 | AE17: =+AD17*$H17 -> 0
B18: 1610.02 | D18: INSTALLATION AND CONNECTION OF ROD WITH INSPECTION PIT | F18: 0 | G18: 0 | H18: =IFERROR(SUM($F18:$G18),"") -> 0
B19: 1610.02.01 | D19: Rod length up to and including 1.5 m | E19: ea | F19: 0 | G19: 0 | H19: =IFERROR(SUM($F19:$G19),"") -> 0
B20: 1610.02.02 | D20: Rod length above 1.5 m, up to and including 3 m | E20: ea | F20: 21 | G20: 21 | H20: =IFERROR(SUM($F20:$G20),"") -> 42 | J20: 3.2 | K20: =+$H20*J20 -> 134.4 | L20: 16 | M20: 75 | N20: =+$H20*L20 -> 672 | O20: =+$H20*M20 -> 3150 | P20: =+SUM(N20:O20) -> 3822 | S20: =+R20*$H20 -> 0 | U20: =+T20*$H20 -> 0 | V20: =+T20*$V$11 -> 0 | W20: =+V20*$H20 -> 0 | Y20: =+X20*$H20 -> 0 | AA20: =+Z20*$H20 -> 0 | AC20: =+AB20*$H20 -> 0 | AD20: =+R20+V20+X20+Z20+AB20 -> 0 | AE20: =+AD20*$H20 -> 0
B21: 1610.02.03 | D21: Rod length above 3 m, up to and including 6.0 m | E21: ea | F21: 0 | G21: 0 | H21: =IFERROR(SUM($F21:$G21),"") -> 0
B22: 1610.03 | D22: INSTALLATION AND CONNECTION OF ROD WITHOUT INSPECTION PIT (DIRECTLY BURIED) | F22: 0 | G22: 0 | H22: =IFERROR(SUM($F22:$G22),"") -> 0
B23: 1610.03.01 | D23: Rod length up to and including 1.5 m | E23: ea | F23: 0 | G23: 0 | H23: =IFERROR(SUM($F23:$G23),"") -> 0
B24: 1610.03.02 | D24: Rod length above 1.5 m, up to and including 3 m | E24: ea | F24: 0 | G24: 0 | H24: =IFERROR(SUM($F24:$G24),"") -> 0
B25: 1610.03.03 | D25: Rod length above 3 m, up to and including 6.0 m | E25: ea | F25: 0 | G25: 0 | H25: =IFERROR(SUM($F25:$G25),"") -> 0
B26: 1610.04 | D26: INSTALLATION OF GROUNDING BAR (DISPATCHER) | F26: 0 | G26: 0 | H26: =IFERROR(SUM($F26:$G26),"") -> 0
B27: 1610.04.01 | D27: Dispatcher on steel/concrete structure direct mounting | E27: ea | F27: 236 | G27: 19 | H27: =IFERROR(SUM($F27:$G27),"") -> 255 | J27: 4 | K27: =+$H27*J27 -> 1020 | L27: 20 | M27: 38 | N27: =+$H27*L27 -> 5100 | O27: =+$H27*M27 -> 9690 | P27: =+SUM(N27:O27) -> 14790 | S27: =+R27*$H27 -> 0 | U27: =+T27*$H27 -> 0 | V27: =+T27*$V$11 -> 0 | W27: =+V27*$H27 -> 0 | Y27: =+X27*$H27 -> 0 | AA27: =+Z27*$H27 -> 0 | AC27: =+AB27*$H27 -> 0 | AD27: =+R27+V27+X27+Z27+AB27 -> 0 | AE27: =+AD27*$H27 -> 0
B28: 1610.04.02 | D28: Dispatcher on independent frame mounting | E28: ea | F28: 0 | G28: 0 | H28: =IFERROR(SUM($F28:$G28),"") -> 0
B29: 1610.04.03 | D29: Substation main grounding bar - tape, aboveground | E29: m | F29: 0 | G29: 77 | H29: =IFERROR(SUM($F29:$G29),"") -> 77 | J29: 1 | K29: =+$H29*J29 -> 77 | L29: 5 | M29: 15 | N29: =+$H29*L29 -> 385 | O29: =+$H29*M29 -> 1155 | P29: =+SUM(N29:O29) -> 1540 | S29: =+R29*$H29 -> 0 | U29: =+T29*$H29 -> 0 | V29: =+T29*$V$11 -> 0 | W29: =+V29*$H29 -> 0 | Y29: =+X29*$H29 -> 0 | AA29: =+Z29*$H29 -> 0 | AC29: =+AB29*$H29 -> 0 | AD29: =+R29+V29+X29+Z29+AB29 -> 0 | AE29: =+AD29*$H29 -> 0
B30: 1610.05 | D30: INSTALLATION OF OVERHEAD CONDUCTOR | F30: 0 | G30: 0 | H30: =IFERROR(SUM($F30:$G30),"") -> 0
B31: 1610.05.01 | D31: Section 25 - 50 mm² | E31: m | F31: 16814 | G31: 163 | H31: =IFERROR(SUM($F31:$G31),"") -> 16977 | J31: 0.25 | K31: =+$H31*J31 -> 4244.25 | L31: 1.25 | M31: 5 | N31: =+$H31*L31 -> 21221.25 | O31: =+$H31*M31 -> 84885 | P31: =+SUM(N31:O31) -> 106106.25 | S31: =+R31*$H31 -> 0 | U31: =+T31*$H31 -> 0 | V31: =+T31*$V$11 -> 0 | W31: =+V31*$H31 -> 0 | Y31: =+X31*$H31 -> 0 | AA31: =+Z31*$H31 -> 0 | AC31: =+AB31*$H31 -> 0 | AD31: =+R31+V31+X31+Z31+AB31 -> 0 | AE31: =+AD31*$H31 -> 0
B32: 1610.05.02 | D32: Section 70 - 150 mm² | E32: m | F32: 11535 | G32: 1182 | H32: =IFERROR(SUM($F32:$G32),"") -> 12717 | J32: 0.32 | K32: =+$H32*J32 -> 4069.44 | L32: 1.6 | M32: 10.5 | N32: =+$H32*L32 -> 20347.2 | O32: =+$H32*M32 -> 133528.5 | P32: =+SUM(N32:O32) -> 153875.7 | S32: =+R32*$H32 -> 0 | U32: =+T32*$H32 -> 0 | V32: =+T32*$V$11 -> 0 | W32: =+V32*$H32 -> 0 | Y32: =+X32*$H32 -> 0 | AA32: =+Z32*$H32 -> 0 | AC32: =+AB32*$H32 -> 0 | AD32: =+R32+V32+X32+Z32+AB32 -> 0 | AE32: =+AD32*$H32 -> 0
B33: 1610.05.03 | D33: Section 185 - 240 mm² (up to 500 mm2) | E33: m | F33: 0 | G33: 190 | H33: =IFERROR(SUM($F33:$G33),"") -> 190 | J33: 0.4 | K33: =+$H33*J33 -> 76 | L33: 2 | M33: 19 | N33: =+$H33*L33 -> 380 | O33: =+$H33*M33 -> 3610 | P33: =+SUM(N33:O33) -> 3990 | S33: =+R33*$H33 -> 0 | U33: =+T33*$H33 -> 0 | V33: =+T33*$V$11 -> 0 | W33: =+V33*$H33 -> 0 | Y33: =+X33*$H33 -> 0 | AA33: =+Z33*$H33 -> 0 | AC33: =+AB33*$H33 -> 0 | AD33: =+R33+V33+X33+Z33+AB33 -> 0 | AE33: =+AD33*$H33 -> 0
B34: 1610.06 | D34: EQUIPMENT/STRUCTURE GROUNDING CONNECTION | F34: 0 | G34: 0 | H34: =IFERROR(SUM($F34:$G34),"") -> 0
B35: 1610.06.01 | D35: Section 25 - 50 mm² | E35: ea | F35: 3677 | G35: 103 | H35: =IFERROR(SUM($F35:$G35),"") -> 3780 | J35: 1.2 | K35: =+$H35*J35 -> 4536 | L35: 6 | M35: 3.5 | N35: =+$H35*L35 -> 22680 | O35: =+$H35*M35 -> 13230 | P35: =+SUM(N35:O35) -> 35910 | S35: =+R35*$H35 -> 0 | U35: =+T35*$H35 -> 0 | V35: =+T35*$V$11 -> 0 | W35: =+V35*$H35 -> 0 | Y35: =+X35*$H35 -> 0 | AA35: =+Z35*$H35 -> 0 | AC35: =+AB35*$H35 -> 0 | AD35: =+R35+V35+X35+Z35+AB35 -> 0 | AE35: =+AD35*$H35 -> 0
B36: 1610.06.02 | D36: Section 70 - 150 mm² | E36: ea | F36: 782 | G36: 383 | H36: =IFERROR(SUM($F36:$G36),"") -> 1165 | J36: 1.6 | K36: =+$H36*J36 -> 1864 | L36: 8 | M36: 6.5 | N36: =+$H36*L36 -> 9320 | O36: =+$H36*M36 -> 7572.5 | P36: =+SUM(N36:O36) -> 16892.5 | S36: =+R36*$H36 -> 0 | U36: =+T36*$H36 -> 0 | V36: =+T36*$V$11 -> 0 | W36: =+V36*$H36 -> 0 | Y36: =+X36*$H36 -> 0 | AA36: =+Z36*$H36 -> 0 | AC36: =+AB36*$H36 -> 0 | AD36: =+R36+V36+X36+Z36+AB36 -> 0 | AE36: =+AD36*$H36 -> 0
B37: 1610.06.03 | D37: Section 185 - 240 mm² (up to 500 mm2) | E37: ea | F37: 0 | G37: 21 | H37: =IFERROR(SUM($F37:$G37),"") -> 21 | J37: 2 | K37: =+$H37*J37 -> 42 | L37: 10 | M37: 11 | N37: =+$H37*L37 -> 210 | O37: =+$H37*M37 -> 231 | P37: =+SUM(N37:O37) -> 441 | S37: =+R37*$H37 -> 0 | U37: =+T37*$H37 -> 0 | V37: =+T37*$V$11 -> 0 | W37: =+V37*$H37 -> 0 | Y37: =+X37*$H37 -> 0 | AA37: =+Z37*$H37 -> 0 | AC37: =+AB37*$H37 -> 0 | AD37: =+R37+V37+X37+Z37+AB37 -> 0 | AE37: =+AD37*$H37 -> 0
B38: 1610.07 | D38: INSTALLATION OF EARTHING LUG | F38: 0 | G38: 0 | H38: =IFERROR(SUM($F38:$G38),"") -> 0
B39: 1610.07.01 | D39: Normal - plate length = 75 mm | E39: ea | F39: 755 | G39: 13 | H39: =IFERROR(SUM($F39:$G39),"") -> 768 | J39: 0.3 | K39: =+$H39*J39 -> 230.4 | L39: 1.5 | M39: 2 | N39: =+$H39*L39 -> 1152 | O39: =+$H39*M39 -> 1536 | P39: =+SUM(N39:O39) -> 2688 | S39: =+R39*$H39 -> 0 | U39: =+T39*$H39 -> 0 | V39: =+T39*$V$11 -> 0 | W39: =+V39*$H39 -> 0 | Y39: =+X39*$H39 -> 0 | AA39: =+Z39*$H39 -> 0 | AC39: =+AB39*$H39 -> 0 | AD39: =+R39+V39+X39+Z39+AB39 -> 0 | AE39: =+AD39*$H39 -> 0
B40: 1610.07.02 | D40: Long - plate length = 150 mm | E40: ea | F40: 0 | G40: 0 | H40: =IFERROR(SUM($F40:$G40),"") -> 0
B41: 1610.08 | D41: INSTALLATION OF LIGHTNING PROTECTION SYSTEM | F41: 0 | G41: 0 | H41: =IFERROR(SUM($F41:$G41),"") -> 0
B42: 1610.08.01 | D42: Lightning conductor - tape, aboveground | E42: m | F42: 756 | G42: 0 | H42: =IFERROR(SUM($F42:$G42),"") -> 756 | J42: 0.28 | K42: =+$H42*J42 -> 211.68 | L42: 1.4 | M42: 8 | N42: =+$H42*L42 -> 1058.4 | O42: =+$H42*M42 -> 6048 | P42: =+SUM(N42:O42) -> 7106.4 | S42: =+R42*$H42 -> 0 | U42: =+T42*$H42 -> 0 | V42: =+T42*$V$11 -> 0 | W42: =+V42*$H42 -> 0 | Y42: =+X42*$H42 -> 0 | AA42: =+Z42*$H42 -> 0 | AC42: =+AB42*$H42 -> 0 | AD42: =+R42+V42+X42+Z42+AB42 -> 0 | AE42: =+AD42*$H42 -> 0
B43: 1610.08.02 | D43: Lightning conductor - wire, aboveground | E43: m | F43: 0 | G43: 0 | H43: =IFERROR(SUM($F43:$G43),"") -> 0
B44: 1610.08.03 | D44: Air terminals | E44: ea | F44: 10 | G44: 0 | H44: =IFERROR(SUM($F44:$G44),"") -> 10 | J44: 1.6 | K44: =+$H44*J44 -> 16 | L44: 8 | M44: 45 | N44: =+$H44*L44 -> 80 | O44: =+$H44*M44 -> 450 | P44: =+SUM(N44:O44) -> 530 | S44: =+R44*$H44 -> 0 | U44: =+T44*$H44 -> 0 | V44: =+T44*$V$11 -> 0 | W44: =+V44*$H44 -> 0 | Y44: =+X44*$H44 -> 0 | AA44: =+Z44*$H44 -> 0 | AC44: =+AB44*$H44 -> 0 | AD44: =+R44+V44+X44+Z44+AB44 -> 0 | AE44: =+AD44*$H44 -> 0
B45: 1610.08.04 | D45: Surge arresters | E45: ea | F45: 0 | G45: 0 | H45: =IFERROR(SUM($F45:$G45),"") -> 0
B46: 1610.08.05 | D46: Earthing system couplers | E46: ea | F46: 0 | G46: 0 | H46: =IFERROR(SUM($F46:$G46),"") -> 0
F47: 0 | G47: 0 | H47: =IFERROR(SUM($F47:$G47),"") -> 0
F48: 0 | G48: 0 | H48: =IFERROR(SUM($F48:$G48),"") -> 0
F49: 0 | G49: 0 | H49: =IFERROR(SUM($F49:$G49),"") -> 0
H50: =IFERROR(SUM($F50:$G50),"") -> 0
F51: 0 | G51: 0 | H51: =IFERROR(SUM($F51:$G51),"") -> 0
F52: 0 | G52: 0 | H52: =IFERROR(SUM($F52:$G52),"") -> 0
B53: SYSTEM 1620 - SUBSTATION EQUIPMENT | F53: 0 | G53: 0 | H53: =IFERROR(SUM($F53:$G53),"") -> 0
F54: 0 | G54: 0 | H54: =IFERROR(SUM($F54:$G54),"") -> 0
F55: 0 | G55: 0 | H55: =IFERROR(SUM($F55:$G55),"") -> 0
B56: 1620.01 | D56: INSTALLATION OF MAIN TRANSFORMERS, LIQUID IMMERSED | F56: 0 | G56: 0 | H56: =IFERROR(SUM($F56:$G56),"") -> 0
B57: 1620.01.01 | D57: Primary ..... kV, secondary ..... kV - Rated power ≤ 5 MVA | E57: ea | F57: 0 | G57: 0 | H57: =IFERROR(SUM($F57:$G57),"") -> 0
B58: 1620.01.02 | D58: Primary ..... kV, secondary ..... kV - Rated power 5.1 - 20 MVA | E58: ea | F58: 0 | G58: 0 | H58: =IFERROR(SUM($F58:$G58),"") -> 0
B59: 1620.01.03 | D59: Primary ..... kV, secondary ..... kV - Rated power 20.1 - 50 MVA | E59: ea | F59: 0 | G59: 0 | H59: =IFERROR(SUM($F59:$G59),"") -> 0
B60: 1620.01.04 | D60: Primary ..... kV, secondary ..... kV - Rated power 51 - 100 MVA | E60: ea | F60: 0 | G60: 0 | H60: =IFERROR(SUM($F60:$G60),"") -> 0
B61: 1620.01.05 | D61: Primary ..... kV, secondary ..... kV - Rated power > 100 MVA | E61: ea | F61: 0 | G61: 0 | H61: =IFERROR(SUM($F61:$G61),"") -> 0
B62: 1620.02 | D62: INSTALLATION OF MAIN TRANSFORMERS, CAST RESIN / DRY | F62: 0 | G62: 0 | H62: =IFERROR(SUM($F62:$G62),"") -> 0
B63: 1620.02.01 | D63: Primary ..... kV, secondary ..... kV - Rated power ≤ 5 MVA | E63: ea | F63: 0 | G63: 0 | H63: =IFERROR(SUM($F63:$G63),"") -> 0
B64: 1620.02.02 | D64: Primary ..... kV, secondary ..... kV - Rated power 5.1 - 20 MVA | E64: ea | F64: 0 | G64: 0 | H64: =IFERROR(SUM($F64:$G64),"") -> 0
B65: 1620.02.03 | D65: Primary ..... kV, secondary ..... kV - Rated power 20.1 - 50 MVA | E65: ea | F65: 0 | G65: 0 | H65: =IFERROR(SUM($F65:$G65),"") -> 0
B66: 1620.03 | D66: INSTALLATION OF DISTRIBUTION TRANSFORMERS, LIQUID IMMERSED | F66: 0 | G66: 0 | H66: =IFERROR(SUM($F66:$G66),"") -> 0
B67: 1620.03.01 | D67: Primary ..... kV, secondary ..... V - Rated power 100 - 400 kVA | E67: ea | F67: 0 | G67: 0 | H67: =IFERROR(SUM($F67:$G67),"") -> 0
B68: 1620.03.02 | D68: Primary ..... kV, secondary ..... V - Rated power 500 - 630 kVA | E68: ea | F68: 0 | G68: 0 | H68: =IFERROR(SUM($F68:$G68),"") -> 0
B69: 1620.03.03 | D69: Primary ..... kV, secondary ..... V - Rated power 800 - 1000 kVA | E69: ea | F69: 0 | G69: 0 | H69: =IFERROR(SUM($F69:$G69),"") -> 0
B70: 1620.03.04 | D70: Primary ..... kV, secondary ..... V - Rated power 1250 - 1600 kVA | E70: ea | F70: 0 | G70: 0 | H70: =IFERROR(SUM($F70:$G70),"") -> 0
B71: 1620.03.05 | D71: Primary ..... kV, secondary ..... V - Rated power 2000 - 2500 kVA | E71: ea | F71: 0 | G71: 0 | H71: =IFERROR(SUM($F71:$G71),"") -> 0
B72: 1620.03.06 | D72: Primary ..... kV, secondary ..... V - Rated power ≥ 3150 kVA | E72: ea | F72: 0 | G72: 6 | H72: =IFERROR(SUM($F72:$G72),"") -> 6 | J72: 224 | K72: =+$H72*J72 -> 1344 | L72: 1120 | M72: 0 | N72: =+$H72*L72 -> 6720 | O72: =+$H72*M72 -> 0 | P72: =+SUM(N72:O72) -> 6720 | S72: =+R72*$H72 -> 0 | T72: 2688 | U72: =+T72*$H72 -> 16128 | V72: =+T72*$V$11 -> 13440 | W72: =+V72*$H72 -> 80640 | Y72: =+X72*$H72 -> 0 | AA72: =+Z72*$H72 -> 0 | AC72: =+AB72*$H72 -> 0 | AD72: =+R72+V72+X72+Z72+AB72 -> 13440 | AE72: =+AD72*$H72 -> 80640
B73: 1620.04 | D73: INSTALLATION OF DISTRIBUTION TRANSFORMERS, CAST RESIN / DRY | F73: 0 | G73: 0 | H73: =IFERROR(SUM($F73:$G73),"") -> 0
B74: 1620.04.01 | D74: Primary ..... kV, secondary ..... V - Rated power 100 - 400 kVA | E74: ea | F74: 0 | G74: 0 | H74: =IFERROR(SUM($F74:$G74),"") -> 0
B75: 1620.04.02 | D75: Primary ..... kV, secondary ..... V - Rated power 500 - 630 kVA | E75: ea | F75: 0 | G75: 0 | H75: =IFERROR(SUM($F75:$G75),"") -> 0
B76: 1620.04.03 | D76: Primary ..... kV, secondary ..... V - Rated power 800 - 1000 kVA | E76: ea | F76: 0 | G76: 0 | H76: =IFERROR(SUM($F76:$G76),"") -> 0
B77: 1620.04.04 | D77: Primary ..... kV, secondary ..... V - Rated power 1250 - 1600 kVA | E77: ea | F77: 0 | G77: 0 | H77: =IFERROR(SUM($F77:$G77),"") -> 0
B78: 1620.04.05 | D78: Primary ..... kV, secondary ..... V - Rated power 2000 - 2500 kVA | E78: ea | F78: 0 | G78: 0 | H78: =IFERROR(SUM($F78:$G78),"") -> 0
B79: 1620.04.06 | D79: Primary ..... kV, secondary ..... V - Rated power ≥ 3150 kVA | E79: ea | F79: 0 | G79: 0 | H79: =IFERROR(SUM($F79:$G79),"") -> 0
B80: 1620.05 | D80: INSTALLATION OF REACTORS | F80: 0 | G80: 0 | H80: =IFERROR(SUM($F80:$G80),"") -> 0
B81: 1620.05.01 | D81: MV - ...... kV reactor - ...... kVAr - Indoor | E81: ea | F81: 0 | G81: 0 | H81: =IFERROR(SUM($F81:$G81),"") -> 0
B82: 1620.05.02 | D82: MV - ...... kV reactor - ...... kVAr - Outdoor | E82: ea | F82: 0 | G82: 0 | H82: =IFERROR(SUM($F82:$G82),"") -> 0
B83: 1620.06 | D83: INSTALLATION OF MEDIUM VOLTAGE SWITCHGEARS AND MCCs | F83: 0 | G83: 0 | H83: =IFERROR(SUM($F83:$G83),"") -> 0
B84: 1620.06.01 | D84: MV (air insulated) - ...... kV switchgear columns - ...... A - ...... kA | E84: ea | F84: 0 | G84: 40 | H84: =IFERROR(SUM($F84:$G84),"") -> 40 | J84: 22 | K84: =+$H84*J84 -> 880 | L84: 110 | M84: 0 | N84: =+$H84*L84 -> 4400 | O84: =+$H84*M84 -> 0 | P84: =+SUM(N84:O84) -> 4400 | S84: =+R84*$H84 -> 0 | U84: =+T84*$H84 -> 0 | V84: =+T84*$V$11 -> 0 | W84: =+V84*$H84 -> 0 | Y84: =+X84*$H84 -> 0 | AA84: =+Z84*$H84 -> 0 | AC84: =+AB84*$H84 -> 0 | AD84: =+R84+V84+X84+Z84+AB84 -> 0 | AE84: =+AD84*$H84 -> 0
B85: 1620.06.02 | D85: MV (GIS) - ...... kV switchgear columns - ...... A - ...... kA | E85: ea | F85: 0 | G85: 0 | H85: =IFERROR(SUM($F85:$G85),"") -> 0
B86: 1620.07 | D86: INSTALLATION OF LOW VOLTAGE SWITCHGEARS AND MCCs | F86: 0 | G86: 0 | H86: =IFERROR(SUM($F86:$G86),"") -> 0
B87: 1620.07.01 | D87: LV (≤ 1 kV) - ...... V switchgear columns - ...... A - ...... kA | E87: ea | F87: 0 | G87: 18 | H87: =IFERROR(SUM($F87:$G87),"") -> 18 | J87: 18 | K87: =+$H87*J87 -> 324 | L87: 90 | M87: 0 | N87: =+$H87*L87 -> 1620 | O87: =+$H87*M87 -> 0 | P87: =+SUM(N87:O87) -> 1620 | S87: =+R87*$H87 -> 0 | U87: =+T87*$H87 -> 0 | V87: =+T87*$V$11 -> 0 | W87: =+V87*$H87 -> 0 | Y87: =+X87*$H87 -> 0 | AA87: =+Z87*$H87 -> 0 | AC87: =+AB87*$H87 -> 0 | AD87: =+R87+V87+X87+Z87+AB87 -> 0 | AE87: =+AD87*$H87 -> 0
B88: 1620.07.02 | D88: LV (≤ 1 kV) - ...... V motor control center columns - ...... A - ...... kA | E88: ea | F88: 0 | G88: 76 | H88: =IFERROR(SUM($F88:$G88),"") -> 76 | J88: 14 | K88: =+$H88*J88 -> 1064 | L88: 70 | M88: 0 | N88: =+$H88*L88 -> 5320 | O88: =+$H88*M88 -> 0 | P88: =+SUM(N88:O88) -> 5320 | S88: =+R88*$H88 -> 0 | U88: =+T88*$H88 -> 0 | V88: =+T88*$V$11 -> 0 | W88: =+V88*$H88 -> 0 | Y88: =+X88*$H88 -> 0 | AA88: =+Z88*$H88 -> 0 | AC88: =+AB88*$H88 -> 0 | AD88: =+R88+V88+X88+Z88+AB88 -> 0 | AE88: =+AD88*$H88 -> 0
B89: 1620.08 | D89: INSTALLATION OF LOW VOLTAGE DISTRIBUTION AND AUXILIARY PANELS | F89: 0 | G89: 0 | H89: =IFERROR(SUM($F89:$G89),"") -> 0
B90: 1620.08.01 | D90: General Distribution Board | E90: ea | F90: 0 | G90: 0 | H90: =IFERROR(SUM($F90:$G90),"") -> 0
B91: 1620.08.02 | D91: Lighting / Small Power distribution panel | E91: ea | F91: 0 | G91: 2 | H91: =IFERROR(SUM($F91:$G91),"") -> 2 | J91: 10 | K91: =+$H91*J91 -> 20 | L91: 50 | M91: 0 | N91: =+$H91*L91 -> 100 | O91: =+$H91*M91 -> 0 | P91: =+SUM(N91:O91) -> 100 | S91: =+R91*$H91 -> 0 | U91: =+T91*$H91 -> 0 | V91: =+T91*$V$11 -> 0 | W91: =+V91*$H91 -> 0 | Y91: =+X91*$H91 -> 0 | AA91: =+Z91*$H91 -> 0 | AC91: =+AB91*$H91 -> 0 | AD91: =+R91+V91+X91+Z91+AB91 -> 0 | AE91: =+AD91*$H91 -> 0
B92: 1620.08.03 | D92: MOVs distribution panel | E92: ea | F92: 0 | G92: 0 | H92: =IFERROR(SUM($F92:$G92),"") -> 0
B93: 1620.08.04 | D93: Emergency diesel generator set control panel | E93: ea | F93: 0 | G93: 1 | H93: =IFERROR(SUM($F93:$G93),"") -> 1 | J93: 20 | K93: =+$H93*J93 -> 20 | L93: 100 | M93: 0 | N93: =+$H93*L93 -> 100 | O93: =+$H93*M93 -> 0 | P93: =+SUM(N93:O93) -> 100 | S93: =+R93*$H93 -> 0 | U93: =+T93*$H93 -> 0 | V93: =+T93*$V$11 -> 0 | W93: =+V93*$H93 -> 0 | Y93: =+X93*$H93 -> 0 | AA93: =+Z93*$H93 -> 0 | AC93: =+AB93*$H93 -> 0 | AD93: =+R93+V93+X93+Z93+AB93 -> 0 | AE93: =+AD93*$H93 -> 0
B94: 1620.08.05 | D94: Synchronous motor / generator excitation panel | E94: ea | F94: 0 | G94: 0 | H94: =IFERROR(SUM($F94:$G94),"") -> 0
B95: 1620.08.06 | D95: Substation electrical/instrument interface panel | E95: ea | F95: 0 | G95: 0 | H95: =IFERROR(SUM($F95:$G95),"") -> 0
B96: 1620.08.07 | D96: Substation alarm annunciator panel | E96: ea | F96: 0 | G96: 0 | H96: =IFERROR(SUM($F96:$G96),"") -> 0
B97: 1620.08.08 | D97: PMS/SCADA panels and workstations | E97: ea | F97: 0 | G97: 1 | H97: =IFERROR(SUM($F97:$G97),"") -> 1 | J97: 26 | K97: =+$H97*J97 -> 26 | L97: 130 | M97: 0 | N97: =+$H97*L97 -> 130 | O97: =+$H97*M97 -> 0 | P97: =+SUM(N97:O97) -> 130 | S97: =+R97*$H97 -> 0 | U97: =+T97*$H97 -> 0 | V97: =+T97*$V$11 -> 0 | W97: =+V97*$H97 -> 0 | Y97: =+X97*$H97 -> 0 | AA97: =+Z97*$H97 -> 0 | AC97: =+AB97*$H97 -> 0 | AD97: =+R97+V97+X97+Z97+AB97 -> 0 | AE97: =+AD97*$H97 -> 0
B98: 1620.08.09 | D98: Substation (fiscal) metering panel | E98: ea | F98: 0 | G98: 0 | H98: =IFERROR(SUM($F98:$G98),"") -> 0
B99: 1620.08.10 | D99: Digital Fault Recorder panel | E99: ea | F99: 0 | G99: 0 | H99: =IFERROR(SUM($F99:$G99),"") -> 0
B100: 1620.09 | D100: INSTALLATION OF BUS DUCTS | F100: 0 | G100: 0 | H100: =IFERROR(SUM($F100:$G100),"") -> 0
B101: 1620.09.01 | D101: MV, Metal Enclosed type - ...... kV bus duct - ...... A - ...... kA | E101: m | F101: 0 | G101: 0 | H101: =IFERROR(SUM($F101:$G101),"") -> 0
B102: 1620.09.02 | D102: MV, Cast Resin type - ...... kV bus duct - ...... A - ...... kA | E102: m | F102: 0 | G102: 0 | H102: =IFERROR(SUM($F102:$G102),"") -> 0
B103: 1620.09.03 | D103: MV - ...... kV cable bus system with elbows, eq. connections & wall penetration | E103: m | F103: 0 | G103: 0 | H103: =IFERROR(SUM($F103:$G103),"") -> 0
B104: 1620.09.11 | D104: LV (≤ 1 kV), Metal Enclosed type - ...... V bus duct - ...... A - ...... kA - Indoor | E104: m | F104: 0 | G104: 120 | H104: =IFERROR(SUM($F104:$G104),"") -> 120 | J104: 2.8 | K104: =+$H104*J104 -> 336 | L104: 14 | M104: 0 | N104: =+$H104*L104 -> 1680 | O104: =+$H104*M104 -> 0 | P104: =+SUM(N104:O104) -> 1680 | S104: =+R104*$H104 -> 0 | U104: =+T104*$H104 -> 0 | V104: =+T104*$V$11 -> 0 | W104: =+V104*$H104 -> 0 | Y104: =+X104*$H104 -> 0 | AA104: =+Z104*$H104 -> 0 | AC104: =+AB104*$H104 -> 0 | AD104: =+R104+V104+X104+Z104+AB104 -> 0 | AE104: =+AD104*$H104 -> 0
B105: 1620.09.12 | D105: LV (≤ 1 kV), Cast Resin type - ...... V bus duct - ...... A - ...... kA - Outdoor | E105: m | F105: 0 | G105: 0 | H105: =IFERROR(SUM($F105:$G105),"") -> 0
...
